"study","treat1","treat2","effect","se"
"1","1","3",0.31,0.668089650927488
"2","1","2",1.7,0.382640604881877
"3","1","2",2.3,0.717746039568684
"3","1","4",0.9,0.6949880912962
"4","3","4",0.35,0.441941738241592
"5","3","4",-0.55,0.555114559269565
"6","4","5",0.3,0.274276316206697
"7","4","5",0.3,0.32008724460035
"3","2","4",-1.4,0.699066620680418
