"study","treat1","treat2","effect","se"
"Boyd 1997","Salmeterol","Placebo",-0.00881062968215492,1.41732520745006
"Calverly 2003","Fluticasone","Placebo",-0.603821880439918,0.631177236849451
"Calverly 2003","Fluticasone","Salmeterol",0.284975710854038,0.767297897257843
"Calverly 2003","Fluticasone","SFC",0.654574905773706,0.869201755328846
"Calverly 2003","Salmeterol","Placebo",-0.888797591293956,0.694064378892772
"Calverly 2003","Salmeterol","SFC",0.369599194919668,0.915888830152246
"Calverly 2003","SFC","Placebo",-1.25839678621362,0.805289383003557
"Celli 2003","Salmeterol","Placebo",-1.41751820157142,1.22700434455123
